[{"id":"48e80f05-0937-4289-bd09-ed60517cfe45","file_name":"favicon[1].png","title":null,"size":2629,"type":"image/png","url":"https://assets-us-01.kc-usercontent.com/c75c3683-e68c-0035-e739-4db207dad49d/626ab84c-00e0-4900-a8f6-95d01dc243b1/favicon%5B1%5D.png","image_width":135,"image_height":135,"file_reference":{"id":"626ab84c-00e0-4900-a8f6-95d01dc243b1","type":"internal"},"descriptions":[{"language":{"id":"00000000-0000-0000-0000-000000000000"},"description":"Gridsome logo"}],"last_modified":"2020-10-06T13:44:03.9813498Z"}]