[{"id":"059a0f5d-d917-44b4-b93f-ef427d13a9ee","codename":"page_item","last_modified":"2020-10-06T13:12:27.0210035Z","name":"Page item","content_groups":[],"elements":[{"maximum_text_length":null,"name":"Title","guidelines":null,"is_required":false,"type":"text","id":"bc336d6b-a5e7-4296-825d-a159263f3d5b","codename":"title"},{"maximum_text_length":null,"maximum_image_size":null,"allowed_content_types":[],"image_width_limit":null,"image_height_limit":null,"allowed_image_types":"any","allowed_blocks":[],"allowed_formatting":[],"allowed_text_blocks":[],"allowed_table_blocks":[],"allowed_table_formatting":[],"allowed_table_text_blocks":[],"name":"Content","guidelines":null,"is_required":false,"type":"rich_text","id":"9cd4e5a3-ed15-4daa-9d8d-330086297a88","codename":"content"},{"depends_on":{"element":{"id":"bc336d6b-a5e7-4296-825d-a159263f3d5b"}},"name":"Slug","guidelines":null,"is_required":false,"type":"url_slug","id":"8bcd5b16-6b9c-4406-9e68-677ceebfd495","codename":"slug"}]}]