[{"id":"252bacc5-b10d-4eb2-af26-fa29305989c8","name":"Home","codename":"home","type":{"id":"059a0f5d-d917-44b4-b93f-ef427d13a9ee"},"collection":{"id":"00000000-0000-0000-0000-000000000000"},"sitemap_locations":[],"last_modified":"2020-10-06T13:02:03.8531346Z"},{"id":"b7655ed5-1df2-4253-aeec-c3c47700f3c1","name":"About","codename":"about","type":{"id":"059a0f5d-d917-44b4-b93f-ef427d13a9ee"},"collection":{"id":"00000000-0000-0000-0000-000000000000"},"sitemap_locations":[],"last_modified":"2020-10-06T13:05:21.5106842Z"}]