[{"elements":[{"element":{"id":"bc336d6b-a5e7-4296-825d-a159263f3d5b"},"value":"Home"},{"components":[],"element":{"id":"9cd4e5a3-ed15-4daa-9d8d-330086297a88"},"value":"<figure data-asset-id=\"48e80f05-0937-4289-bd09-ed60517cfe45\"><img src=\"#\" data-asset-id=\"48e80f05-0937-4289-bd09-ed60517cfe45\"></figure>\n<h1>Hello, world!</h1>\n<p>Lorem ipsum dolor sit amet, consectetur adipisicing elit. Pariatur excepturi labore tempore expedita, et iste tenetur suscipit explicabo! Dolores, aperiam non officia eos quod asperiores</p>\n<p><a href=\"https://gridsome.org/docs/\" data-new-window=\"true\">Gridsome Docs</a> <a href=\"https://github.com/gridsome/gridsome\" data-new-window=\"true\">GitHub</a></p>\n<p><a href=\"https://kontent.ai/\" data-new-window=\"true\">Kentico Kontent</a></p>\n<p><a href=\"https://github.com/Simply007/kontent-starter-gridsome-default\" data-new-window=\"true\">Website source code</a> <a href=\"https://gridsome.org/plugins/@meeg/gridsome-source-kentico-kontent\" data-new-window=\"true\">Kontent source plugin docs</a></p>"},{"mode":"custom","element":{"id":"8bcd5b16-6b9c-4406-9e68-677ceebfd495"},"value":"/"}],"workflow_step":{"id":"c199950d-99f0-4983-b711-6c4c91624b22"},"item":{"id":"252bacc5-b10d-4eb2-af26-fa29305989c8"},"language":{"id":"00000000-0000-0000-0000-000000000000"},"last_modified":"2020-10-06T14:04:33.991388Z"},{"elements":[{"element":{"id":"bc336d6b-a5e7-4296-825d-a159263f3d5b"},"value":"About"},{"components":[],"element":{"id":"9cd4e5a3-ed15-4daa-9d8d-330086297a88"},"value":"<h1>About us</h1>\n<p>Lorem ipsum dolor sit amet, consectetur adipisicing elit. Error doloremque omnis animi, eligendi magni a voluptatum, vitae, consequuntur rerum illum odit fugit assumenda rem dolores inventore iste reprehenderit maxime! Iusto.</p>"},{"mode":"autogenerated","element":{"id":"8bcd5b16-6b9c-4406-9e68-677ceebfd495"},"value":"about"}],"workflow_step":{"id":"c199950d-99f0-4983-b711-6c4c91624b22"},"item":{"id":"b7655ed5-1df2-4253-aeec-c3c47700f3c1"},"language":{"id":"00000000-0000-0000-0000-000000000000"},"last_modified":"2020-10-06T13:05:26.3856753Z"}]